,review,rating
0,"""This product has helped me manage my blood sugar levels effectively. I've noticed a significant improvement in my energy levels throughout the day.""",5
1,"""The taste of this protein powder is not the best, but it mixes well and has a great nutritional profile. I would recommend it for those who prioritize function over flavor.""",3
2,"""I was disappointed to find that this supplement contains artificial colors and flavors. I prefer to stick to natural ingredients for my health.""",2
3,"""This probiotic has made a noticeable difference in my digestive health. I've experienced less bloating and more regularity since starting to take it.""",5
4,"""The capsules are a bit large and difficult to swallow, but the benefits of this omega-3 supplement are worth it. I've noticed an improvement in my joint health and mood.""",4
5,"""I appreciate that this multivitamin is made with whole food ingredients, but I wish it didn't have such a strong odor. It's a bit off-putting.""",3
6,"""This sleep aid has been a game-changer for me. I fall asleep faster and stay asleep longer, waking up feeling refreshed and energized.""",5
7,"""I was excited to try this collagen powder, but it didn't mix well in my coffee and left a strange aftertaste. I'll be looking for a different brand.""",2
8,"""This immune support supplement has helped me stay healthy during cold and flu season. I like that it contains a variety of vitamins and herbs to boost my immune system.""",4
9,"""The packaging of this product is not eco-friendly, which is a concern for me. I prefer to support companies that prioritize sustainability.""",2
10,"""This magnesium supplement has helped me relax and reduce muscle tension. I take it before bed and have noticed an improvement in my sleep quality.""",5
11,"""I was disappointed to find that this product contains fillers and binders. I prefer to take supplements that are as pure and natural as possible.""",2
12,"""This turmeric supplement has helped reduce inflammation in my joints. I like that it contains black pepper for increased absorption.""",4
13,"""The dosage instructions on this product are unclear. I had to do some research to figure out how much to take, which was frustrating.""",3
14,"""This fiber supplement has helped regulate my digestion and keep me feeling full. I appreciate that it's made with organic ingredients.""",5
15,"""The price of this product is a bit high compared to similar supplements on the market. I'm not sure if the benefits justify the cost.""",3
16,"""This vitamin D supplement has helped improve my mood and energy levels during the winter months. I like that it's in a liquid form for easy absorption.""",4
17,"""The customer service of this company is excellent. They were quick to respond to my questions and concerns, and I appreciate their transparency about their products.""",5
18,"""This iron supplement has helped me maintain healthy iron levels without causing constipation. I like that it's gentle on my stomach.""",4
19,"""The taste of this elderberry syrup is not my favorite, but it's effective in boosting my immune system. I take it at the first sign of a cold.""",3
20,"""This calcium supplement is easy to take and has helped improve my bone health. I like that it also contains vitamin D for increased absorption.""",5
21,"""The packaging of this product is not child-resistant, which is a concern for me as a parent. I prefer to use products that prioritize safety.""",2
22,"""This probiotic has helped improve my skin health. I've noticed fewer breakouts and a more even complexion since starting to take it.""",4
23,"""The dosage of this product is too high for me. I had to cut the capsules in half to avoid side effects, which was inconvenient.""",3
24,"""This melatonin supplement has helped me fall asleep faster and stay asleep longer. I like that it's a natural alternative to prescription sleep aids.""",5
25,"""The instructions on this product are unclear about whether it should be taken with food or on an empty stomach. I had to do some research to figure it out.""",3
26,"""This product has been a game-changer for my daily vitamin intake. The taste is pleasant and it's easy to swallow. I've noticed an improvement in my energy levels since starting to take it.""",5
27,"""I was disappointed to find that the product I received had a broken seal and some of the contents had spilled out during shipping. I would advise the seller to take more care when packaging their products.""",1
28,"""The instructions on the label are clear and easy to follow. I appreciate that the product is made with natural ingredients and is free from artificial colors and flavors.""",4
29,"""I have been using this product for a few weeks now and have not noticed any significant changes in my health. However, I will continue to use it as I believe in the long-term benefits of taking supplements.""",3
30,"""The product arrived promptly and was well-packaged. I have been taking it as directed and have noticed a decrease in my joint pain. I would recommend this product to anyone looking for a natural solution to joint discomfort.""",5
31,"""I was excited to try this product but was let down by the strong, unpleasant taste. I had to mix it with a lot of water to make it bearable to drink.""",2
32,"""This product has helped me to maintain a healthy immune system during cold and flu season. I appreciate that it is vegan and free from common allergens.""",5
33,"""The product is overpriced for the quantity provided. I have found similar products at a lower price point that work just as well.""",2
34,"""I have been using this product for a few months now and have noticed an improvement in my skin's appearance. It's also easy to incorporate into my daily routine.""",4
35,"""The product did not live up to its claims. I did not notice any difference in my energy levels or overall health after taking it for several weeks.""",1
36,"""I appreciate that this product is made with high-quality ingredients and is free from fillers and additives. It's also easy to take and has no aftertaste.""",5
37,"""The product arrived with a short expiration date, which was disappointing. I had to use it quickly to avoid wasting it.""",2
38,"""This product has helped me to manage my stress levels and improve my sleep quality. I would recommend it to anyone looking for a natural solution to stress and anxiety.""",4
39,"""The product is difficult to open and the packaging is not user-friendly. I had to use scissors to get it open, which was inconvenient.""",1
40,"""I have been taking this product for a few months now and have noticed an improvement in my digestion. It's also gentle on my stomach and has no side effects.""",5
41,"""The product has a strong, artificial taste that I found off-putting. I had to mix it with a lot of water to make it palatable.""",2
42,"""This product has helped me to maintain healthy cholesterol levels. I appreciate that it is made with natural ingredients and is free from harmful chemicals.""",4
43,"""The product is expensive compared to similar products on the market. I would have liked to see a lower price point for the quantity provided.""",3
44,"""I have been using this product for a few weeks now and have noticed an improvement in my mental clarity and focus. It's also easy to take and has no aftertaste.""",5
45,"""The product arrived damaged and some of the contents had leaked out during shipping. I would advise the seller to take more care when packaging their products.""",1
46,"""This product has helped me to manage my blood sugar levels and improve my overall health. I appreciate that it is made with high-quality ingredients and is free from artificial colors and flavors.""",4
47,"""The product has a gritty texture that I found unpleasant. I had to mix it with a lot of water to make it bearable to drink.""",2
48,"""I have been taking this product for a few months now and have noticed an improvement in my hair and nail health. It's also easy to take and has no side effects.""",5
49,"""The product is not as effective as I had hoped. I did not notice any significant changes in my health after taking it for several weeks.""",1
50,"""This product has helped me to maintain a healthy weight and improve my digestion. I appreciate that it is made with natural ingredients and is free from harmful chemicals.""",4
51,"""The product has a strong, unpleasant smell that I found off-putting. I had to hold my breath while taking it to avoid the smell.""",2
52,"""I have been using this product for a few weeks now and have noticed an improvement in my joint mobility and flexibility. It's also easy to take and has no aftertaste.""",5
53,"""The product is difficult to swallow due to its large size. I had to cut it in half to make it easier to take.""",1
54,"""This product has helped me to manage my stress levels and improve my sleep quality. I would recommend it to anyone looking for a natural solution to stress and anxiety.""",4
55,"""The product is overpriced for the quantity provided. I have found similar products at a lower price point that work just as well.""",2
56,"""I have been taking this product for a few months now and have noticed an improvement in my overall health and well-being. It's also easy to take and has no side effects.""",5
57,"""The product did not live up to its claims. I did not notice any difference in my energy levels or overall health after taking it for several weeks.""",1
58,"""This product has helped me to maintain healthy cholesterol levels. I appreciate that it is made with natural ingredients and is free from harmful chemicals.""",4
59,"""The product has a strong, artificial taste that I found off-putting. I had to mix it with a lot of water to make it palatable.""",2
60,"""I have been using this product for a few weeks now and have noticed an improvement in my mental clarity and focus. It's also easy to take and has no aftertaste.""",5
61,"""The product arrived with a short expiration date, which was disappointing. I had to use it quickly to avoid wasting it.""",1
62,"""This product has helped me to manage my blood sugar levels and improve my overall health. I appreciate that it is made with high-quality ingredients and is free from artificial colors and flavors.""",4
63,"""The product has a gritty texture that I found unpleasant. I had to mix it with a lot of water to make it bearable to drink.""",2
64,"""I have been taking this product for a few months now and have noticed an improvement in my hair and nail health. It's also easy to take and has no side effects.""",5
65,"""The product is not as effective as I had hoped. I did not notice any significant changes in my health after taking it for several weeks.""",1
66,"""This product has helped me to maintain a healthy weight and improve my digestion. I appreciate that it is made with natural ingredients and is free from harmful chemicals.""",4
67,"""The product has a strong, unpleasant smell that I found off-putting. I had to hold my breath while taking it to avoid the smell.""",2
68,"""I have been using this product for a few weeks now and have noticed an improvement in my joint mobility and flexibility. It's also easy to take and has no aftertaste.""",5
69,"""The product is difficult to swallow due to its large size. I had to cut it in half to make it easier to take.""",1
70,"""This product has helped me to manage my stress levels and improve my sleep quality. I would recommend it to anyone looking for a natural solution to stress and anxiety.""",4
71,"""The product is overpriced for the quantity provided. I have found similar products at a lower price point that work just as well.""",2
72,"""I have been taking this product for a few months now and have noticed an improvement in my overall health and well-being. It's also easy to take and has no side effects.""",5
73,"""The product did not live up to its claims. I did not notice any difference in my energy levels or overall health after taking it for several weeks.""",1
74,"""This product has helped me to maintain healthy cholesterol levels. I appreciate that it is made with natural ingredients and is free from harmful chemicals.""",4
75,"""The product has a strong, artificial taste that I found off-putting. I had to mix it with a lot of water to make it palatable.""",2
76,"""I have been using this product for a few weeks now and have noticed an improvement in my mental clarity and focus. It's also easy to take and has no aftertaste.""",5
77,"""The product arrived with a short expiration date, which was disappointing. I had to use it quickly to avoid wasting it.""",1
78,"""This product has helped me to manage my blood sugar levels and improve my overall health. I appreciate that it is made with high-quality ingredients and is free from artificial colors and flavors.""",4
79,"""The product has a gritty texture that I found unpleasant. I had to mix it with a lot of water to make it bearable to drink.""",2
80,"""I have been taking this product for a few months now and have noticed an improvement in my hair and nail health. It's also easy to take and has no side effects.""",5
81,"""The product is not as effective as I had hoped. I did not notice any significant changes in my health after taking it for several weeks.""",1
82,"""This product has helped me to maintain a healthy weight and improve my digestion. I appreciate that it is made with natural ingredients and is free from harmful chemicals.""",4
83,"""The product has a strong, unpleasant smell that I found off-putting. I had to hold my breath while taking it to avoid the smell.""",2
84,"""I have been using this product for a few weeks now and have noticed an improvement in my joint mobility and flexibility. It's also easy to take and has no aftertaste.""",5
85,"""The product is difficult to swallow due to its large size. I had to cut it in half to make it easier to take.""",1
86,"""This product has helped me to manage my stress levels and improve my sleep quality. I would recommend it to anyone looking for a natural solution to stress and anxiety.""",4
87,"""The product is overpriced for the quantity provided. I have found similar products at a lower price point that work just as well.""",2
88,"""I have been taking this product for a few months now and have noticed an improvement in my overall health and well-being. It's also easy to take and has no side effects.""",5
89,"""The product did not live up to its claims. I did not notice any difference in my energy levels or overall health after taking it for several weeks.""",1
90,"""This product has helped me to maintain healthy cholesterol levels. I appreciate that it is made with natural ingredients and is free from harmful chemicals.""",4
91,"""The product has a strong, artificial taste that I found off-putting. I had to mix it with a lot of water to make it palatable.""",2
92,"""I have been using this product for a few weeks now and have noticed an improvement in my mental clarity and focus. It's also easy to take and has no aftertaste.""",5
93,"""The product arrived with a short expiration date, which was disappointing. I had to use it quickly to avoid wasting it.""",1
94,"""This product has helped me to manage my blood sugar levels and improve my overall health. I appreciate that it is made with high-quality ingredients and is free from artificial colors and flavors.""",4
95,"""The product has a gritty texture that I found unpleasant. I had to mix it with a lot of water to make it bearable to drink.""",2
96,"""I have been taking this product for a few months now and have noticed an improvement in my hair and nail health. It's also easy to take and has no side effects.""",5
97,"""The product is not as effective as I had hoped. I did not notice any significant changes in my health after taking it for several weeks.""",1
98,"""This product has helped me to maintain a healthy weight and improve my digestion. I appreciate that it is made with natural ingredients and is free from harmful chemicals.""",4
99,"""The product has a strong, unpleasant smell that I found off-putting. I had to hold my breath while taking it to avoid the smell.""",2
100,"""I have been using this product for a few weeks now and have noticed an improvement in my joint mobility and flexibility. It's also easy to take and has no aftertaste.""",5
101,"""The product is difficult to swallow due to its large size. I had to cut it in half to make it easier to take.""",1
102,"""This product has helped me to manage my stress levels and improve my sleep quality. I would recommend it to anyone looking for a natural solution to stress and anxiety.""",4
103,"""The product is overpriced for the quantity provided. I have found similar products at a lower price point that work just as well.""",2
104,"""I have been taking this product for a few months now and have noticed an improvement in my overall health and well-being. It's also easy to take and has no side effects.""",5
105,"""The product did not live up to its claims. I did not notice any difference in my energy levels or overall health after taking it for several weeks.""",1
106,"""This product has helped me to maintain healthy cholesterol levels. I appreciate that it is made with natural ingredients and is free from harmful chemicals.""",4
107,"""The product has a strong, artificial taste that I found off-putting. I had to mix it with a lot of water to make it palatable.""",2
108,"""I have been using this product for a few weeks now and have noticed an improvement in my mental clarity and focus. It's also easy to take and has no aftertaste.""",5
109,"""The product arrived with a short expiration date, which was disappointing. I had to use it quickly to avoid wasting it.""",1
110,"""This product has helped me to manage my blood sugar levels and improve my overall health. I appreciate that it is made with high-quality ingredients and is free from artificial colors and flavors.""",4
111,"""The product has a gritty texture that I found unpleasant. I had to mix it with a lot of water to make it bearable to drink.""",2
112,"""I have been taking this product for a few months now and have noticed an improvement in my hair and nail health. It's also easy to take and has no side effects.""",5
113,"""The product is not as effective as I had hoped. I did not notice any significant changes in my health after taking it for several weeks.""",1
114,"""This product has helped me to maintain a healthy weight and improve my digestion. I appreciate that it is made with natural ingredients and is free from harmful chemicals.""",4
115,"""The product has a strong, unpleasant smell that I found off-putting. I had to hold my breath while taking it to avoid the smell.""",2
116,"""I have been using this product for a few weeks now and have noticed an improvement in my joint mobility and flexibility. It's also easy to take and has no aftertaste.""",5
117,"""The product is difficult to swallow due to its large size. I had to cut it in half to make it easier to take.""",1
118,"""This product has helped me to manage my stress levels and improve my sleep quality. I would recommend it to anyone looking for a natural solution to stress and anxiety.""",4
119,"""The product is overpriced for the quantity provided. I have found similar products at a lower price point that work just as well.""",2
120,"""I have been taking this product for a few months now and have noticed an improvement in my overall health and well-being. It's also easy to take and has no side effects.""",5
121,"""The product did not live up to its claims. I did not notice any difference in my energy levels or overall health after taking it for several weeks.""",1
122,"""This product has helped me to maintain healthy cholesterol levels. I appreciate that it is made with natural ingredients and is free from harmful chemicals.""",4
123,"""The product has a strong, artificial taste that I found off-putting. I had to mix it with a lot of water to make it palatable.""",2
124,"""I have been using this product for a few weeks now and have noticed an improvement in my mental clarity and focus. It's also easy to take and has no aftertaste.""",5
125,"""The product arrived with a short expiration date, which was disappointing. I had to use it quickly to avoid wasting it.""",1
126,"""This product has helped me to manage my blood sugar levels and improve my overall health. I appreciate that it is made with high-quality ingredients and is free from artificial colors and flavors.""",4
127,"""The product has a gritty texture that I found unpleasant. I had to mix it with a lot of water to make it bearable to drink.""",2
128,"""I have been taking this product for a few months now and have noticed an improvement in my hair and nail health. It's also easy to take and has no side effects.""",5
129,"""The product is not as effective as I had hoped. I did not notice any significant changes in my health after taking it for several weeks.""",1
130,"""This product has helped me to maintain a healthy weight and improve my digestion. I appreciate that it is made with natural ingredients and is free from harmful chemicals.""",4
131,"""The product has a strong, unpleasant smell that I found off-putting. I had to hold my breath while taking it to avoid the smell.""",2
132,"""I have been using this product for a few weeks now and have noticed an improvement in my joint mobility and flexibility. It's also easy to take and has no aftertaste.""",5
133,"""The product is difficult to swallow due to its large size. I had to cut it in half to make it easier to take.""",1
134,"""This product has helped me to manage my stress levels and improve my sleep quality. I would recommend it to anyone looking for a natural solution to stress and anxiety.""",4
135,"""The product is overpriced for the quantity provided. I have found similar products at a lower price point that work just as well.""",2
136,"""I have been taking this product for a few months now and have noticed an improvement in my overall health and well-being. It's also easy to take and has no side effects.""",5
137,"""The product did not live up to its claims. I did not notice any difference in my energy levels or overall health after taking it for several weeks.""",1
138,"""This product has helped me to maintain healthy cholesterol levels. I appreciate that it is made with natural ingredients and is free from harmful chemicals.""",4
139,"""The product has a strong, artificial taste that I found off-putting. I had to mix it with a lot of water to make it palatable.""",2
140,"""I have been using this product for a few weeks now and have noticed an improvement in my mental clarity and focus. It's also easy to take and has no aftertaste.""",5
141,"""The product arrived with a short expiration date, which was disappointing. I had to use it quickly to avoid wasting it.""",1
142,"""This product has helped me to manage my blood sugar levels and improve my overall health. I appreciate that it is made with high-quality ingredients and is free from artificial colors and flavors.""",4
143,"""The product has a gritty texture that I found unpleasant. I had t""",3
144,"""This product has been a game changer for my digestion. I've noticed a significant improvement since I started taking it. Highly recommend!""",5
145,"""The taste is not the best, but the results are worth it. I've seen a decrease in my inflammation levels since using this product.""",4
146,"""I was disappointed with the packaging as it arrived damaged. However, the product itself seems to be of good quality.""",3
147,"""I've been using this supplement for a few weeks now and haven't noticed any changes. I'm going to give it a bit more time before making a final judgment.""",2
148,"""This product is amazing! I've never felt better. It's easy to take and has no unpleasant side effects.""",5
149,"""I appreciate that this product is organic and non-GMO. However, I wish it was more affordable.""",4
150,"""The instructions on the label are unclear. I had to do some research to figure out the proper dosage.""",3
151,"""I've tried several similar products, and this one is by far the best. It's effective and has no artificial ingredients.""",5
152,"""I didn't see any results from using this product. I followed the instructions carefully, but it just didn't work for me.""",2
153,"""This supplement has helped me sleep better and feel more rested in the morning. I'm very satisfied with my purchase.""",5
154,"""The pills are too large and difficult to swallow. I had to cut them in half, which was inconvenient.""",3
155,"""I love that this product is vegan and cruelty-free. It's also very effective in reducing my anxiety levels.""",5
156,"""The taste is unbearable. I had to mix it with something strong to mask the flavor.""",2
157,"""This product is a bit pricey, but it's worth it for the quality and results. I've noticed an improvement in my skin and hair since taking it.""",4
158,"""I had an allergic reaction to this product. I wish the label had clearer warnings about potential allergens.""",1
159,"""This supplement has helped me maintain my energy levels throughout the day. I no longer experience the mid-afternoon slump.""",5
160,"""The packaging is not eco-friendly. I would appreciate it if the company used more sustainable materials.""",3
161,"""I've been using this product for a month and have noticed a significant improvement in my joint pain. I highly recommend it.""",5
162,"""The dosage is too high for me. I had to reduce it to avoid feeling jittery and anxious.""",3
163,"""This product is a lifesaver for my allergies. I can finally enjoy the outdoors without sneezing and wheezing.""",5
164,"""The customer service is terrible. I had an issue with my order and it took forever to get a response.""",2
165,"""This supplement has helped me manage my stress levels and improve my mood. I feel more balanced and focused.""",5
166,"""The texture is gritty and unpleasant. I had to mix it with something to make it more palatable.""",3
167,"""I've tried several brands of this product, and this one is the most effective. It's also reasonably priced.""",5
168,"""The label is misleading. The product does not contain the amount of active ingredient that it claims.""",2
169,"""This supplement has helped me maintain my weight loss goals. I feel more satisfied and less hungry throughout the day.""",5
170,"""This product helped me manage my stress levels and improved my sleep quality. I feel more relaxed and focused during the day.""",5
171,"""I didn't notice any significant changes in my energy levels after taking this supplement for a month. It might work for others, but it didn't for me.""",2
172,"""This probiotic supplement has been a game-changer for my gut health. I've noticed a significant improvement in my digestion and overall well-being.""",5
173,"""The taste of this protein powder is not the best, but it mixes well and has a good nutritional profile. I would recommend it if you can get past the taste.""",3
174,"""I've been taking this omega-3 supplement for a few weeks now, and I've noticed a decrease in joint pain and inflammation. Highly recommend it!""",5
175,"""This vitamin D supplement is easy to swallow and has helped me maintain optimal levels during the winter months. Great product!""",5
176,"""I was disappointed with this product. It didn't live up to its claims, and I didn't see any improvements in my skin or hair health.""",1
177,"""This magnesium supplement has helped me with muscle cramps and improved my sleep quality. I would definitely repurchase it.""",4
178,"""I've been using this collagen powder for a few months now, and I've noticed a significant improvement in my skin's elasticity and hydration.""",5
179,"""This product gave me an upset stomach and didn't provide any noticeable benefits. I wouldn't recommend it.""",1
180,"""This turmeric supplement has helped me manage my inflammation and joint pain. I've noticed a significant improvement in my mobility and flexibility.""",5
181,"""I didn't like the aftertaste of this multivitamin, but it has a good range of nutrients. I might try a different brand next time.""",3
182,"""This fiber supplement has helped me regulate my digestion and improve my gut health. I would definitely recommend it to anyone looking to add more fiber to their diet.""",4
183,"""This product didn't work for me. I didn't notice any changes in my energy levels or mental clarity after taking it for a month.""",2
184,"""This iron supplement has helped me maintain optimal levels and improve my energy levels. I would definitely repurchase it.""",5
185,"""I was disappointed with this product. It didn't live up to its claims, and I didn't see any improvements in my immune system.""",1
186,"""This calcium supplement is easy to swallow and has helped me maintain optimal levels for bone health. Great product!""",5
187,"""This product gave me a headache and didn't provide any noticeable benefits. I wouldn't recommend it.""",1
188,"""This vitamin C supplement has helped me boost my immune system and improve my skin health. I would definitely repurchase it.""",5
189,"""This product didn't work for me. I didn't notice any changes in my hair growth or thickness after taking it for a few months.""",2
190,"""This zinc supplement has helped me maintain optimal levels and improve my immune system. I would definitely recommend it.""",4
191,"""This product gave me an upset stomach and didn't provide any noticeable benefits. I wouldn't recommend it.""",1
192,"""This vitamin E supplement has helped me improve my skin health and reduce inflammation. I would definitely repurchase it.""",5
193,"""This product didn't work for me. I didn't notice any changes in my energy levels or mental clarity after taking it for a month.""",2
194,"""This B-complex supplement has helped me maintain optimal levels and improve my energy levels. I would definitely recommend it.""",4
195,"""This product gave me a rash and didn't provide any noticeable benefits. I wouldn't recommend it.""",1
